id,api_name,url,response_time,status_code,timestamp
879,OpenAI,https://api.openai.com,543.62,421,2026-06-17 11:57:48
880,GitHub,https://api.github.com,638.08,200,2026-06-17 11:57:48
877,OpenAI,https://api.openai.com,532.32,421,2026-06-17 11:57:17
878,GitHub,https://api.github.com,537.09,200,2026-06-17 11:57:17
875,OpenAI,https://api.openai.com,606.82,421,2026-06-17 11:56:47
876,GitHub,https://api.github.com,635.04,200,2026-06-17 11:56:47
874,GitHub,https://api.github.com,1035.07,200,2026-06-17 11:56:16
873,OpenAI,https://api.openai.com,950.68,421,2026-06-17 11:56:15
872,GitHub,https://api.github.com,1037.8,200,2026-06-17 11:55:46
871,OpenAI,https://api.openai.com,986.63,421,2026-06-17 11:55:45
870,GitHub,https://api.github.com,1092.28,200,2026-06-17 11:55:14
869,OpenAI,https://api.openai.com,1077.1,421,2026-06-17 11:55:13
868,GitHub,https://api.github.com,591.03,200,2026-06-17 11:54:44
867,OpenAI,https://api.openai.com,600.02,421,2026-06-17 11:54:43
866,GitHub,https://api.github.com,550.46,200,2026-06-17 11:54:12
865,OpenAI,https://api.openai.com,519.95,421,2026-06-17 11:54:11
864,GitHub,https://api.github.com,868.16,200,2026-06-17 11:53:10
863,OpenAI,https://api.openai.com,575.92,421,2026-06-17 11:53:09
861,GitHub,https://api.github.com,671.66,200,2026-06-17 11:52:09
862,GitHub,https://api.github.com,655.08,200,2026-06-17 11:52:09
859,OpenAI,https://api.openai.com,582.66,421,2026-06-17 11:52:08
860,OpenAI,https://api.openai.com,514.77,421,2026-06-17 11:52:08
857,GitHub,https://api.github.com,2784.48,200,2026-06-17 11:51:08
858,GitHub,https://api.github.com,2616.73,200,2026-06-17 11:51:08
856,OpenAI,https://api.openai.com,6669.04,421,2026-06-17 11:51:05
855,OpenAI,https://api.openai.com,6703.72,421,2026-06-17 11:51:04
854,GitHub,https://api.github.com,4016.57,200,2026-06-17 11:49:53
853,OpenAI,https://api.openai.com,1544.87,421,2026-06-17 11:49:49
852,GitHub,https://api.github.com,1009.69,200,2026-06-17 11:49:18
851,OpenAI,https://api.openai.com,911.31,421,2026-06-17 11:49:17
850,GitHub,https://api.github.com,1012.43,200,2026-06-17 11:48:47
849,OpenAI,https://api.openai.com,983.36,421,2026-06-17 11:48:46
848,GitHub,https://api.github.com,1164.52,200,2026-06-17 11:48:16
847,OpenAI,https://api.openai.com,942.24,421,2026-06-17 11:48:14
846,GitHub,https://api.github.com,1053.64,200,2026-06-17 11:47:45
845,OpenAI,https://api.openai.com,962.76,421,2026-06-17 11:47:44
844,GitHub,https://api.github.com,1079.12,200,2026-06-17 11:47:13
843,OpenAI,https://api.openai.com,965.24,421,2026-06-17 11:47:12
842,GitHub,https://api.github.com,1052.63,200,2026-06-17 11:46:43
841,OpenAI,https://api.openai.com,976.2,421,2026-06-17 11:46:42
840,GitHub,https://api.github.com,1223.52,200,2026-06-17 11:46:11
839,OpenAI,https://api.openai.com,1054.2,421,2026-06-17 11:46:10
838,GitHub,https://api.github.com,1253.04,200,2026-06-17 11:45:41
837,OpenAI,https://api.openai.com,1079.31,421,2026-06-17 11:45:39
836,GitHub,https://api.github.com,1037.45,200,2026-06-17 11:44:46
835,OpenAI,https://api.openai.com,1043.55,421,2026-06-17 11:44:44
834,GitHub,https://api.github.com,1269.16,200,2026-06-17 11:44:38
833,OpenAI,https://api.openai.com,1859.01,421,2026-06-17 11:44:37
831,OpenAI,https://api.openai.com,700.74,421,2026-06-17 11:43:43
832,GitHub,https://api.github.com,600.79,200,2026-06-17 11:43:43
829,OpenAI,https://api.openai.com,644.11,421,2026-06-17 11:43:34
830,GitHub,https://api.github.com,749.06,200,2026-06-17 11:43:34
828,GitHub,https://api.github.com,678.27,200,2026-06-17 11:42:42
827,OpenAI,https://api.openai.com,665.61,421,2026-06-17 11:42:41
826,GitHub,https://api.github.com,654.04,200,2026-06-17 11:42:33
825,OpenAI,https://api.openai.com,605.58,421,2026-06-17 11:42:32
824,GitHub,https://api.github.com,1105.37,200,2026-06-17 11:41:40
823,OpenAI,https://api.openai.com,1321.74,421,2026-06-17 11:41:39
822,GitHub,https://api.github.com,1274.81,200,2026-06-17 11:41:32
821,OpenAI,https://api.openai.com,783.87,421,2026-06-17 11:41:30
820,GitHub,https://api.github.com,677.82,200,2026-06-17 11:40:38
819,OpenAI,https://api.openai.com,682.0,421,2026-06-17 11:40:37
818,GitHub,https://api.github.com,1054.55,200,2026-06-17 11:40:29
817,OpenAI,https://api.openai.com,931.49,421,2026-06-17 11:40:28
815,OpenAI,https://api.openai.com,726.08,421,2026-06-17 11:39:27
816,GitHub,https://api.github.com,687.3,200,2026-06-17 11:39:27
814,GitHub,https://api.github.com,1101.31,200,2026-06-17 11:38:54
813,OpenAI,https://api.openai.com,967.0,421,2026-06-17 11:38:53
812,GitHub,https://api.github.com,1244.4,200,2026-06-17 11:38:26
811,OpenAI,https://api.openai.com,1149.63,421,2026-06-17 11:38:24
810,GitHub,https://api.github.com,804.49,200,2026-06-17 11:37:52
809,OpenAI,https://api.openai.com,679.63,421,2026-06-17 11:37:51
808,GitHub,https://api.github.com,1482.19,200,2026-06-17 11:37:23
807,OpenAI,https://api.openai.com,936.78,421,2026-06-17 11:37:22
806,GitHub,https://api.github.com,1601.68,200,2026-06-17 11:36:51
805,OpenAI,https://api.openai.com,960.94,421,2026-06-17 11:36:49
803,OpenAI,https://api.openai.com,727.79,421,2026-06-17 11:36:20
804,GitHub,https://api.github.com,733.78,200,2026-06-17 11:36:20
802,GitHub,https://api.github.com,1677.11,200,2026-06-17 11:35:48
801,OpenAI,https://api.openai.com,1561.12,421,2026-06-17 11:35:46
800,GitHub,https://api.github.com,677.86,200,2026-06-17 11:35:19
799,OpenAI,https://api.openai.com,654.65,421,2026-06-17 11:35:18
798,GitHub,https://api.github.com,1037.56,200,2026-06-17 11:34:45
797,OpenAI,https://api.openai.com,1324.6,421,2026-06-17 11:34:43
796,GitHub,https://api.github.com,2038.17,200,2026-06-17 11:34:17
795,OpenAI,https://api.openai.com,2164.61,421,2026-06-17 11:34:15
794,GitHub,https://api.github.com,1123.37,200,2026-06-17 11:33:42
793,OpenAI,https://api.openai.com,1012.26,421,2026-06-17 11:33:41
792,GitHub,https://api.github.com,1049.61,200,2026-06-17 11:33:13
791,OpenAI,https://api.openai.com,971.14,421,2026-06-17 11:33:12
790,GitHub,https://api.github.com,729.76,200,2026-06-17 11:32:12
788,GitHub,https://api.github.com,756.02,200,2026-06-17 11:32:11
789,OpenAI,https://api.openai.com,676.51,421,2026-06-17 11:32:11
787,OpenAI,https://api.openai.com,699.4,421,2026-06-17 11:32:10
786,GitHub,https://api.github.com,1161.35,200,2026-06-17 11:31:11
784,GitHub,https://api.github.com,2770.63,200,2026-06-17 11:31:09
785,OpenAI,https://api.openai.com,2694.18,421,2026-06-17 11:31:09
783,OpenAI,https://api.openai.com,1028.43,421,2026-06-17 11:31:06
782,GitHub,https://api.github.com,978.61,200,2026-06-17 11:30:06
780,GitHub,https://api.github.com,686.63,200,2026-06-17 11:30:05
781,OpenAI,https://api.openai.com,423.54,421,2026-06-17 11:30:05
779,OpenAI,https://api.openai.com,1014.71,421,2026-06-17 11:30:04
778,GitHub,https://api.github.com,2192.59,200,2026-06-17 11:29:05
776,OpenAI,https://api.openai.com,1785.94,421,2026-06-17 11:29:03
777,GitHub,https://api.github.com,2181.15,200,2026-06-17 11:29:03
775,OpenAI,https://api.openai.com,1124.92,421,2026-06-17 11:29:01
774,GitHub,https://api.github.com,1633.69,200,2026-06-17 11:28:01
773,GitHub,https://api.github.com,1609.87,200,2026-06-17 11:28:00
772,OpenAI,https://api.openai.com,1438.5,421,2026-06-17 11:27:59
771,OpenAI,https://api.openai.com,1154.35,421,2026-06-17 11:27:58
769,GitHub,https://api.github.com,1531.92,200,2026-06-17 11:25:11
770,GitHub,https://api.github.com,1567.5,200,2026-06-17 11:25:11
767,OpenAI,https://api.openai.com,1310.67,421,2026-06-17 11:25:09
768,OpenAI,https://api.openai.com,1305.92,421,2026-06-17 11:25:09
765,GitHub,https://api.github.com,1273.58,200,2026-06-17 11:24:08
766,GitHub,https://api.github.com,1286.35,200,2026-06-17 11:24:08
763,OpenAI,https://api.openai.com,2586.4,421,2026-06-17 11:24:06
764,OpenAI,https://api.openai.com,2632.66,421,2026-06-17 11:24:06
762,GitHub,https://api.github.com,936.17,403,2026-06-17 11:13:44
761,OpenAI,https://api.openai.com,923.22,421,2026-06-17 11:13:43
760,GitHub,https://api.github.com,1065.89,403,2026-06-17 11:13:28
759,OpenAI,https://api.openai.com,933.14,421,2026-06-17 11:13:27
758,GitHub,https://api.github.com,1020.02,403,2026-06-17 11:12:42
757,OpenAI,https://api.openai.com,958.02,421,2026-06-17 11:12:41
756,GitHub,https://api.github.com,1084.86,403,2026-06-17 11:12:26
755,OpenAI,https://api.openai.com,935.47,421,2026-06-17 11:12:25
754,GitHub,https://api.github.com,1006.73,403,2026-06-17 11:11:40
753,OpenAI,https://api.openai.com,876.94,421,2026-06-17 11:11:39
752,GitHub,https://api.github.com,1044.25,403,2026-06-17 11:11:24
751,OpenAI,https://api.openai.com,953.82,421,2026-06-17 11:11:23
750,GitHub,https://api.github.com,1060.91,403,2026-06-17 11:10:38
749,OpenAI,https://api.openai.com,1266.67,421,2026-06-17 11:10:37
748,GitHub,https://api.github.com,1114.09,403,2026-06-17 11:10:22
747,OpenAI,https://api.openai.com,923.73,421,2026-06-17 11:10:21
746,GitHub,https://api.github.com,1098.0,403,2026-06-17 11:09:36
745,OpenAI,https://api.openai.com,1046.22,421,2026-06-17 11:09:34
744,GitHub,https://api.github.com,1158.75,403,2026-06-17 11:09:20
743,OpenAI,https://api.openai.com,961.8,421,2026-06-17 11:09:18
742,GitHub,https://api.github.com,1109.86,403,2026-06-17 11:08:33
741,OpenAI,https://api.openai.com,1081.96,421,2026-06-17 11:08:32
740,GitHub,https://api.github.com,1453.49,403,2026-06-17 11:08:17
739,OpenAI,https://api.openai.com,1028.27,421,2026-06-17 11:08:16
738,GitHub,https://api.github.com,1146.01,403,2026-06-17 11:07:31
737,OpenAI,https://api.openai.com,1176.99,421,2026-06-17 11:07:30
736,GitHub,https://api.github.com,1082.27,403,2026-06-17 11:07:15
735,OpenAI,https://api.openai.com,1120.77,421,2026-06-17 11:07:14
734,GitHub,https://api.github.com,1664.07,403,2026-06-17 11:06:28
733,OpenAI,https://api.openai.com,1227.04,421,2026-06-17 11:06:27
732,GitHub,https://api.github.com,1063.3,403,2026-06-17 11:06:12
731,OpenAI,https://api.openai.com,1189.6,421,2026-06-17 11:06:11
730,GitHub,https://api.github.com,1121.89,403,2026-06-17 11:05:25
729,OpenAI,https://api.openai.com,984.04,421,2026-06-17 11:05:24
728,GitHub,https://api.github.com,1070.51,403,2026-06-17 11:05:10
727,OpenAI,https://api.openai.com,1036.19,421,2026-06-17 11:05:09
726,GitHub,https://api.github.com,1096.61,403,2026-06-17 11:04:23
725,OpenAI,https://api.openai.com,986.71,421,2026-06-17 11:04:22
724,GitHub,https://api.github.com,1065.51,403,2026-06-17 11:04:08
723,OpenAI,https://api.openai.com,1021.96,421,2026-06-17 11:04:07
722,GitHub,https://api.github.com,1014.11,403,2026-06-17 11:03:21
721,OpenAI,https://api.openai.com,1015.88,421,2026-06-17 11:03:20
720,GitHub,https://api.github.com,1000.01,403,2026-06-17 11:03:05
719,OpenAI,https://api.openai.com,987.37,421,2026-06-17 11:03:04
718,GitHub,https://api.github.com,1041.23,403,2026-06-17 11:02:19
717,OpenAI,https://api.openai.com,1124.97,421,2026-06-17 11:02:18
716,GitHub,https://api.github.com,1178.47,403,2026-06-17 11:02:03
715,OpenAI,https://api.openai.com,949.13,421,2026-06-17 11:02:02
714,GitHub,https://api.github.com,1089.49,403,2026-06-17 11:01:16
713,OpenAI,https://api.openai.com,1049.61,421,2026-06-17 11:01:15
712,GitHub,https://api.github.com,996.74,403,2026-06-17 11:01:01
711,OpenAI,https://api.openai.com,1047.11,421,2026-06-17 11:01:00
710,GitHub,https://api.github.com,1079.6,200,2026-06-17 11:00:14
709,OpenAI,https://api.openai.com,1308.13,421,2026-06-17 11:00:13
708,GitHub,https://api.github.com,1067.19,200,2026-06-17 10:59:59
707,OpenAI,https://api.openai.com,962.09,421,2026-06-17 10:59:58
706,GitHub,https://api.github.com,1129.97,200,2026-06-17 10:59:12
705,OpenAI,https://api.openai.com,1031.36,421,2026-06-17 10:59:11
704,GitHub,https://api.github.com,1103.37,200,2026-06-17 10:58:57
703,OpenAI,https://api.openai.com,1014.15,421,2026-06-17 10:58:56
702,GitHub,https://api.github.com,1177.13,200,2026-06-17 10:58:09
701,OpenAI,https://api.openai.com,971.06,421,2026-06-17 10:58:08
700,GitHub,https://api.github.com,1094.32,200,2026-06-17 10:57:54
699,OpenAI,https://api.openai.com,984.36,421,2026-06-17 10:57:53
698,GitHub,https://api.github.com,1045.35,200,2026-06-17 10:57:07
697,OpenAI,https://api.openai.com,1230.84,421,2026-06-17 10:57:06
696,GitHub,https://api.github.com,1159.66,200,2026-06-17 10:56:52
695,OpenAI,https://api.openai.com,896.25,421,2026-06-17 10:56:51
694,GitHub,https://api.github.com,1177.36,200,2026-06-17 10:56:05
693,OpenAI,https://api.openai.com,1005.02,421,2026-06-17 10:56:03
692,GitHub,https://api.github.com,1098.36,200,2026-06-17 10:55:50
691,OpenAI,https://api.openai.com,941.71,421,2026-06-17 10:55:49
690,GitHub,https://api.github.com,1051.26,200,2026-06-17 10:55:02
689,OpenAI,https://api.openai.com,967.98,421,2026-06-17 10:55:01
688,GitHub,https://api.github.com,1027.12,200,2026-06-17 10:54:48
687,OpenAI,https://api.openai.com,951.25,421,2026-06-17 10:54:47
686,GitHub,https://api.github.com,1083.64,200,2026-06-17 10:54:00
685,OpenAI,https://api.openai.com,992.07,421,2026-06-17 10:53:59
684,GitHub,https://api.github.com,1165.75,200,2026-06-17 10:53:46
683,OpenAI,https://api.openai.com,1136.02,421,2026-06-17 10:53:45
682,GitHub,https://api.github.com,1022.54,200,2026-06-17 10:52:58
681,OpenAI,https://api.openai.com,1025.95,421,2026-06-17 10:52:57
680,GitHub,https://api.github.com,1339.75,200,2026-06-17 10:52:43
679,OpenAI,https://api.openai.com,1100.6,421,2026-06-17 10:52:42
678,GitHub,https://api.github.com,1006.07,200,2026-06-17 10:51:56
677,OpenAI,https://api.openai.com,940.67,421,2026-06-17 10:51:55
676,GitHub,https://api.github.com,1097.53,200,2026-06-17 10:51:41
675,OpenAI,https://api.openai.com,1042.23,421,2026-06-17 10:51:40
674,GitHub,https://api.github.com,1643.37,200,2026-06-17 10:50:54
673,OpenAI,https://api.openai.com,1304.06,421,2026-06-17 10:50:52
672,GitHub,https://api.github.com,1152.22,200,2026-06-17 10:50:38
671,OpenAI,https://api.openai.com,999.33,421,2026-06-17 10:50:37
670,GitHub,https://api.github.com,1056.76,200,2026-06-17 10:49:51
669,OpenAI,https://api.openai.com,1024.92,421,2026-06-17 10:49:49
668,GitHub,https://api.github.com,1121.32,200,2026-06-17 10:49:36
667,OpenAI,https://api.openai.com,1012.14,421,2026-06-17 10:49:35
666,GitHub,https://api.github.com,1072.54,200,2026-06-17 10:48:48
665,OpenAI,https://api.openai.com,1067.69,421,2026-06-17 10:48:47
664,GitHub,https://api.github.com,1023.48,200,2026-06-17 10:48:34
663,OpenAI,https://api.openai.com,1042.84,421,2026-06-17 10:48:33
662,GitHub,https://api.github.com,1121.72,200,2026-06-17 10:47:46
661,OpenAI,https://api.openai.com,969.19,421,2026-06-17 10:47:45
660,GitHub,https://api.github.com,1337.26,200,2026-06-17 10:47:32
659,OpenAI,https://api.openai.com,1108.05,421,2026-06-17 10:47:30
658,GitHub,https://api.github.com,1085.14,200,2026-06-17 10:46:44
657,OpenAI,https://api.openai.com,1035.72,421,2026-06-17 10:46:43
656,GitHub,https://api.github.com,1156.55,200,2026-06-17 10:46:29
655,OpenAI,https://api.openai.com,1060.34,421,2026-06-17 10:46:28
654,GitHub,https://api.github.com,1033.43,200,2026-06-17 10:45:41
653,OpenAI,https://api.openai.com,1150.26,421,2026-06-17 10:45:40
652,GitHub,https://api.github.com,967.19,200,2026-06-17 10:45:27
651,OpenAI,https://api.openai.com,1012.94,421,2026-06-17 10:45:26
650,GitHub,https://api.github.com,1101.74,200,2026-06-17 10:44:39
649,OpenAI,https://api.openai.com,1008.98,421,2026-06-17 10:44:38
648,GitHub,https://api.github.com,1106.86,200,2026-06-17 10:44:25
647,OpenAI,https://api.openai.com,1092.23,421,2026-06-17 10:44:24
646,GitHub,https://api.github.com,1253.31,200,2026-06-17 10:43:37
645,OpenAI,https://api.openai.com,992.81,421,2026-06-17 10:43:36
644,GitHub,https://api.github.com,1081.75,200,2026-06-17 10:43:22
643,OpenAI,https://api.openai.com,994.57,421,2026-06-17 10:43:21
642,GitHub,https://api.github.com,1111.46,200,2026-06-17 10:42:35
641,OpenAI,https://api.openai.com,1013.03,421,2026-06-17 10:42:33
640,GitHub,https://api.github.com,1039.95,200,2026-06-17 10:42:20
639,OpenAI,https://api.openai.com,959.65,421,2026-06-17 10:42:19
638,GitHub,https://api.github.com,1038.98,200,2026-06-17 10:41:32
637,OpenAI,https://api.openai.com,1000.72,421,2026-06-17 10:41:31
636,GitHub,https://api.github.com,1034.19,200,2026-06-17 10:41:18
635,OpenAI,https://api.openai.com,1068.74,421,2026-06-17 10:41:17
634,GitHub,https://api.github.com,1038.33,200,2026-06-17 10:40:30
633,OpenAI,https://api.openai.com,1015.42,421,2026-06-17 10:40:29
632,GitHub,https://api.github.com,1072.22,200,2026-06-17 10:40:16
631,OpenAI,https://api.openai.com,1082.29,421,2026-06-17 10:40:15
630,GitHub,https://api.github.com,1067.28,200,2026-06-17 10:39:28
629,OpenAI,https://api.openai.com,1036.36,421,2026-06-17 10:39:27
628,GitHub,https://api.github.com,1088.25,200,2026-06-17 10:39:13
627,OpenAI,https://api.openai.com,1152.19,421,2026-06-17 10:39:12
626,GitHub,https://api.github.com,1190.6,200,2026-06-17 10:38:26
625,OpenAI,https://api.openai.com,1029.2,421,2026-06-17 10:38:24
624,GitHub,https://api.github.com,1498.77,200,2026-06-17 10:38:11
623,OpenAI,https://api.openai.com,1065.91,421,2026-06-17 10:38:10
622,GitHub,https://api.github.com,1015.86,200,2026-06-17 10:37:23
621,OpenAI,https://api.openai.com,1011.5,421,2026-06-17 10:37:22
620,GitHub,https://api.github.com,1117.26,200,2026-06-17 10:37:08
619,OpenAI,https://api.openai.com,948.65,421,2026-06-17 10:37:07
618,GitHub,https://api.github.com,1183.94,200,2026-06-17 10:36:21
617,OpenAI,https://api.openai.com,1017.89,421,2026-06-17 10:36:20
616,GitHub,https://api.github.com,1867.12,200,2026-06-17 10:36:06
615,OpenAI,https://api.openai.com,1069.68,421,2026-06-17 10:36:04
614,GitHub,https://api.github.com,1062.01,200,2026-06-17 10:35:19
613,OpenAI,https://api.openai.com,953.63,421,2026-06-17 10:35:18
612,GitHub,https://api.github.com,1084.28,200,2026-06-17 10:35:03
611,OpenAI,https://api.openai.com,1012.2,421,2026-06-17 10:35:02
610,GitHub,https://api.github.com,1469.46,200,2026-06-17 10:34:17
609,OpenAI,https://api.openai.com,1128.71,421,2026-06-17 10:34:15
608,GitHub,https://api.github.com,1059.27,200,2026-06-17 10:34:01
607,OpenAI,https://api.openai.com,1018.44,421,2026-06-17 10:34:00
606,GitHub,https://api.github.com,1170.16,200,2026-06-17 10:33:14
605,OpenAI,https://api.openai.com,1049.77,421,2026-06-17 10:33:13
604,GitHub,https://api.github.com,961.79,200,2026-06-17 10:32:59
603,OpenAI,https://api.openai.com,992.28,421,2026-06-17 10:32:58
602,GitHub,https://api.github.com,1027.0,200,2026-06-17 10:32:11
601,OpenAI,https://api.openai.com,1271.47,421,2026-06-17 10:32:10
600,GitHub,https://api.github.com,1110.96,200,2026-06-17 10:31:57
599,OpenAI,https://api.openai.com,1150.69,421,2026-06-17 10:31:55
598,GitHub,https://api.github.com,1015.4,200,2026-06-17 10:31:09
597,OpenAI,https://api.openai.com,1166.37,421,2026-06-17 10:31:08
596,GitHub,https://api.github.com,1005.92,200,2026-06-17 10:30:54
595,OpenAI,https://api.openai.com,1029.72,421,2026-06-17 10:30:53
594,GitHub,https://api.github.com,1118.12,200,2026-06-17 10:30:07
593,OpenAI,https://api.openai.com,1038.16,421,2026-06-17 10:30:06
592,GitHub,https://api.github.com,1198.08,200,2026-06-17 10:29:52
591,OpenAI,https://api.openai.com,1024.07,421,2026-06-17 10:29:51
590,GitHub,https://api.github.com,1146.8,403,2026-06-17 10:29:04
589,OpenAI,https://api.openai.com,1071.14,421,2026-06-17 10:29:03
588,GitHub,https://api.github.com,1066.7,403,2026-06-17 10:28:50
587,OpenAI,https://api.openai.com,1183.95,421,2026-06-17 10:28:48
586,GitHub,https://api.github.com,1099.68,403,2026-06-17 10:28:02
585,OpenAI,https://api.openai.com,991.76,421,2026-06-17 10:28:01
584,GitHub,https://api.github.com,1080.74,403,2026-06-17 10:27:47
583,OpenAI,https://api.openai.com,1013.68,421,2026-06-17 10:27:46
582,GitHub,https://api.github.com,1071.48,403,2026-06-17 10:27:00
581,OpenAI,https://api.openai.com,1017.48,421,2026-06-17 10:26:59
580,GitHub,https://api.github.com,1081.04,403,2026-06-17 10:26:45
579,OpenAI,https://api.openai.com,1069.08,421,2026-06-17 10:26:44
578,GitHub,https://api.github.com,1116.05,403,2026-06-17 10:25:58
577,OpenAI,https://api.openai.com,1119.15,421,2026-06-17 10:25:56
576,GitHub,https://api.github.com,1116.35,403,2026-06-17 10:25:43
575,OpenAI,https://api.openai.com,1104.81,421,2026-06-17 10:25:42
574,GitHub,https://api.github.com,1151.81,403,2026-06-17 10:24:55
573,OpenAI,https://api.openai.com,1039.14,421,2026-06-17 10:24:54
572,GitHub,https://api.github.com,1034.97,403,2026-06-17 10:24:40
571,OpenAI,https://api.openai.com,1113.86,421,2026-06-17 10:24:39
570,GitHub,https://api.github.com,1130.16,403,2026-06-17 10:23:53
569,OpenAI,https://api.openai.com,1037.18,421,2026-06-17 10:23:52
568,GitHub,https://api.github.com,1269.03,403,2026-06-17 10:23:38
567,OpenAI,https://api.openai.com,1131.83,421,2026-06-17 10:23:37
566,GitHub,https://api.github.com,1293.47,403,2026-06-17 10:22:51
565,OpenAI,https://api.openai.com,1015.67,421,2026-06-17 10:22:49
564,GitHub,https://api.github.com,1104.14,403,2026-06-17 10:22:36
563,OpenAI,https://api.openai.com,1059.1,421,2026-06-17 10:22:34
562,GitHub,https://api.github.com,1152.92,403,2026-06-17 10:21:48
561,OpenAI,https://api.openai.com,1179.39,421,2026-06-17 10:21:47
560,GitHub,https://api.github.com,1174.28,403,2026-06-17 10:21:33
559,OpenAI,https://api.openai.com,1150.61,421,2026-06-17 10:21:32
558,GitHub,https://api.github.com,1039.93,403,2026-06-17 10:20:46
557,OpenAI,https://api.openai.com,1158.98,421,2026-06-17 10:20:45
556,GitHub,https://api.github.com,1246.13,403,2026-06-17 10:20:31
555,OpenAI,https://api.openai.com,1113.33,421,2026-06-17 10:20:29
554,GitHub,https://api.github.com,1461.63,403,2026-06-17 10:19:43
553,OpenAI,https://api.openai.com,1080.69,421,2026-06-17 10:19:42
552,GitHub,https://api.github.com,1275.89,403,2026-06-17 10:19:28
551,OpenAI,https://api.openai.com,1133.36,421,2026-06-17 10:19:27
550,GitHub,https://api.github.com,1066.65,403,2026-06-17 10:18:41
549,OpenAI,https://api.openai.com,1046.92,421,2026-06-17 10:18:40
548,GitHub,https://api.github.com,1348.66,403,2026-06-17 10:18:26
547,OpenAI,https://api.openai.com,1154.29,421,2026-06-17 10:18:24
546,GitHub,https://api.github.com,1167.3,403,2026-06-17 10:17:38
545,OpenAI,https://api.openai.com,1188.58,421,2026-06-17 10:17:37
544,GitHub,https://api.github.com,1250.87,403,2026-06-17 10:17:23
543,OpenAI,https://api.openai.com,1048.79,421,2026-06-17 10:17:22
542,GitHub,https://api.github.com,1154.44,403,2026-06-17 10:16:36
541,OpenAI,https://api.openai.com,1083.69,421,2026-06-17 10:16:35
540,GitHub,https://api.github.com,1090.98,403,2026-06-17 10:16:21
539,OpenAI,https://api.openai.com,1022.96,421,2026-06-17 10:16:20
538,GitHub,https://api.github.com,1073.29,403,2026-06-17 10:15:34
537,OpenAI,https://api.openai.com,1270.47,421,2026-06-17 10:15:32
536,GitHub,https://api.github.com,997.26,403,2026-06-17 10:15:18
535,OpenAI,https://api.openai.com,1072.28,421,2026-06-17 10:15:17
534,GitHub,https://api.github.com,1198.77,403,2026-06-17 10:14:31
533,OpenAI,https://api.openai.com,1300.16,421,2026-06-17 10:14:30
532,GitHub,https://api.github.com,1174.19,403,2026-06-17 10:14:16
531,OpenAI,https://api.openai.com,1102.09,421,2026-06-17 10:14:15
530,GitHub,https://api.github.com,1174.56,403,2026-06-17 10:13:29
529,OpenAI,https://api.openai.com,1155.06,421,2026-06-17 10:13:27
528,GitHub,https://api.github.com,1172.46,403,2026-06-17 10:13:14
527,OpenAI,https://api.openai.com,1113.61,421,2026-06-17 10:13:13
526,GitHub,https://api.github.com,1002.8,403,2026-06-17 10:12:26
525,OpenAI,https://api.openai.com,1130.01,421,2026-06-17 10:12:25
524,GitHub,https://api.github.com,1202.16,403,2026-06-17 10:12:11
523,OpenAI,https://api.openai.com,1134.43,421,2026-06-17 10:12:10
522,GitHub,https://api.github.com,1064.71,403,2026-06-17 10:11:24
521,OpenAI,https://api.openai.com,987.43,421,2026-06-17 10:11:23
520,GitHub,https://api.github.com,1282.49,403,2026-06-17 10:11:09
519,OpenAI,https://api.openai.com,962.59,421,2026-06-17 10:11:08
518,GitHub,https://api.github.com,1177.44,403,2026-06-17 10:10:22
517,OpenAI,https://api.openai.com,1223.32,421,2026-06-17 10:10:20
516,GitHub,https://api.github.com,1081.71,403,2026-06-17 10:10:06
515,OpenAI,https://api.openai.com,1060.64,421,2026-06-17 10:10:05
514,GitHub,https://api.github.com,1112.67,403,2026-06-17 10:09:19
513,OpenAI,https://api.openai.com,1145.91,421,2026-06-17 10:09:18
512,GitHub,https://api.github.com,1358.11,403,2026-06-17 10:09:04
511,OpenAI,https://api.openai.com,1035.68,421,2026-06-17 10:09:03
510,GitHub,https://api.github.com,1075.82,403,2026-06-17 10:08:16
509,OpenAI,https://api.openai.com,1058.56,421,2026-06-17 10:08:15
508,GitHub,https://api.github.com,1123.68,403,2026-06-17 10:08:02
507,OpenAI,https://api.openai.com,1053.47,421,2026-06-17 10:08:00
506,GitHub,https://api.github.com,1475.36,403,2026-06-17 10:07:14
505,OpenAI,https://api.openai.com,1109.59,421,2026-06-17 10:07:13
504,GitHub,https://api.github.com,1103.33,403,2026-06-17 10:06:59
503,OpenAI,https://api.openai.com,1087.64,421,2026-06-17 10:06:58
502,GitHub,https://api.github.com,1114.24,403,2026-06-17 10:06:12
501,OpenAI,https://api.openai.com,1079.58,421,2026-06-17 10:06:10
500,GitHub,https://api.github.com,1135.77,403,2026-06-17 10:05:57
499,OpenAI,https://api.openai.com,1067.69,421,2026-06-17 10:05:56
498,GitHub,https://api.github.com,1072.31,403,2026-06-17 10:05:09
497,OpenAI,https://api.openai.com,1010.62,421,2026-06-17 10:05:08
496,GitHub,https://api.github.com,1182.87,403,2026-06-17 10:04:55
495,OpenAI,https://api.openai.com,1035.42,421,2026-06-17 10:04:53
494,GitHub,https://api.github.com,1244.61,403,2026-06-17 10:04:07
493,OpenAI,https://api.openai.com,1111.33,421,2026-06-17 10:04:06
492,GitHub,https://api.github.com,1265.36,403,2026-06-17 10:03:52
491,OpenAI,https://api.openai.com,1039.28,421,2026-06-17 10:03:51
490,GitHub,https://api.github.com,1139.34,403,2026-06-17 10:03:05
489,OpenAI,https://api.openai.com,1073.79,421,2026-06-17 10:03:03
488,GitHub,https://api.github.com,1013.25,403,2026-06-17 10:02:50
487,OpenAI,https://api.openai.com,1080.9,421,2026-06-17 10:02:49
486,GitHub,https://api.github.com,1057.62,403,2026-06-17 10:02:02
485,OpenAI,https://api.openai.com,1029.75,421,2026-06-17 10:02:01
484,GitHub,https://api.github.com,1072.48,403,2026-06-17 10:01:48
483,OpenAI,https://api.openai.com,999.51,421,2026-06-17 10:01:46
482,GitHub,https://api.github.com,1036.93,403,2026-06-17 10:01:00
481,OpenAI,https://api.openai.com,1066.26,421,2026-06-17 10:00:59
480,GitHub,https://api.github.com,1065.57,200,2026-06-17 10:00:45
479,OpenAI,https://api.openai.com,1106.47,421,2026-06-17 10:00:44
478,GitHub,https://api.github.com,1110.71,200,2026-06-17 09:59:58
477,OpenAI,https://api.openai.com,1043.13,421,2026-06-17 09:59:57
476,GitHub,https://api.github.com,1200.21,200,2026-06-17 09:59:43
475,OpenAI,https://api.openai.com,1067.43,421,2026-06-17 09:59:42
474,GitHub,https://api.github.com,1156.86,200,2026-06-17 09:58:55
473,OpenAI,https://api.openai.com,1057.62,421,2026-06-17 09:58:54
472,GitHub,https://api.github.com,1052.85,200,2026-06-17 09:58:41
471,OpenAI,https://api.openai.com,1047.18,421,2026-06-17 09:58:40
470,GitHub,https://api.github.com,1213.31,200,2026-06-17 09:57:53
469,OpenAI,https://api.openai.com,1109.26,421,2026-06-17 09:57:52
468,GitHub,https://api.github.com,1093.97,200,2026-06-17 09:57:38
467,OpenAI,https://api.openai.com,1126.04,421,2026-06-17 09:57:37
466,GitHub,https://api.github.com,1060.29,200,2026-06-17 09:56:51
465,OpenAI,https://api.openai.com,950.04,421,2026-06-17 09:56:49
464,GitHub,https://api.github.com,1108.13,200,2026-06-17 09:56:36
463,OpenAI,https://api.openai.com,1145.66,421,2026-06-17 09:56:35
462,GitHub,https://api.github.com,1244.79,200,2026-06-17 09:55:48
461,OpenAI,https://api.openai.com,1087.31,421,2026-06-17 09:55:47
460,GitHub,https://api.github.com,1097.39,200,2026-06-17 09:55:34
459,OpenAI,https://api.openai.com,1046.09,421,2026-06-17 09:55:32
458,GitHub,https://api.github.com,1030.52,200,2026-06-17 09:54:46
457,OpenAI,https://api.openai.com,1018.66,421,2026-06-17 09:54:45
456,GitHub,https://api.github.com,1170.98,200,2026-06-17 09:54:31
455,OpenAI,https://api.openai.com,1216.52,421,2026-06-17 09:54:30
454,GitHub,https://api.github.com,1107.14,200,2026-06-17 09:53:44
453,OpenAI,https://api.openai.com,1047.43,421,2026-06-17 09:53:43
452,GitHub,https://api.github.com,1266.89,200,2026-06-17 09:53:29
451,OpenAI,https://api.openai.com,1117.61,421,2026-06-17 09:53:27
450,GitHub,https://api.github.com,1195.53,200,2026-06-17 09:52:41
449,OpenAI,https://api.openai.com,1074.81,421,2026-06-17 09:52:40
448,GitHub,https://api.github.com,1039.01,200,2026-06-17 09:52:26
447,OpenAI,https://api.openai.com,1029.32,421,2026-06-17 09:52:25
446,GitHub,https://api.github.com,1065.79,200,2026-06-17 09:51:39
445,OpenAI,https://api.openai.com,1107.81,421,2026-06-17 09:51:38
444,GitHub,https://api.github.com,1077.81,200,2026-06-17 09:51:24
443,OpenAI,https://api.openai.com,946.47,421,2026-06-17 09:51:23
442,GitHub,https://api.github.com,1066.32,200,2026-06-17 09:50:37
441,OpenAI,https://api.openai.com,1029.97,421,2026-06-17 09:50:36
440,GitHub,https://api.github.com,1124.41,200,2026-06-17 09:50:22
439,OpenAI,https://api.openai.com,1004.67,421,2026-06-17 09:50:21
438,GitHub,https://api.github.com,1083.67,200,2026-06-17 09:49:35
437,OpenAI,https://api.openai.com,962.16,421,2026-06-17 09:49:33
436,GitHub,https://api.github.com,1119.29,200,2026-06-17 09:49:20
435,OpenAI,https://api.openai.com,955.2,421,2026-06-17 09:49:18
434,GitHub,https://api.github.com,1270.17,200,2026-06-17 09:48:32
433,OpenAI,https://api.openai.com,1117.02,421,2026-06-17 09:48:31
432,GitHub,https://api.github.com,1201.26,200,2026-06-17 09:48:17
431,OpenAI,https://api.openai.com,986.82,421,2026-06-17 09:48:16
430,GitHub,https://api.github.com,1029.31,200,2026-06-17 09:47:30
429,OpenAI,https://api.openai.com,1054.02,421,2026-06-17 09:47:29
428,GitHub,https://api.github.com,1170.88,200,2026-06-17 09:47:15
427,OpenAI,https://api.openai.com,991.74,421,2026-06-17 09:47:14
426,GitHub,https://api.github.com,1070.81,200,2026-06-17 09:46:28
425,OpenAI,https://api.openai.com,1017.27,421,2026-06-17 09:46:27
424,GitHub,https://api.github.com,1072.93,200,2026-06-17 09:46:13
423,OpenAI,https://api.openai.com,972.27,421,2026-06-17 09:46:12
422,GitHub,https://api.github.com,1120.22,200,2026-06-17 09:45:25
421,OpenAI,https://api.openai.com,1335.35,421,2026-06-17 09:45:24
420,GitHub,https://api.github.com,1146.44,200,2026-06-17 09:45:11
419,OpenAI,https://api.openai.com,1029.55,421,2026-06-17 09:45:09
418,GitHub,https://api.github.com,1049.66,200,2026-06-17 09:44:23
417,OpenAI,https://api.openai.com,1040.03,421,2026-06-17 09:44:22
416,GitHub,https://api.github.com,1078.21,200,2026-06-17 09:44:08
415,OpenAI,https://api.openai.com,1101.47,421,2026-06-17 09:44:07
414,GitHub,https://api.github.com,1026.26,200,2026-06-17 09:43:20
413,OpenAI,https://api.openai.com,990.37,421,2026-06-17 09:43:19
412,GitHub,https://api.github.com,1071.3,200,2026-06-17 09:43:06
411,OpenAI,https://api.openai.com,1080.05,421,2026-06-17 09:43:05
410,GitHub,https://api.github.com,1066.98,200,2026-06-17 09:42:18
409,OpenAI,https://api.openai.com,1014.65,421,2026-06-17 09:42:17
408,GitHub,https://api.github.com,1159.22,200,2026-06-17 09:42:04
407,OpenAI,https://api.openai.com,1180.84,421,2026-06-17 09:42:02
406,GitHub,https://api.github.com,1069.11,200,2026-06-17 09:41:16
405,OpenAI,https://api.openai.com,1232.99,421,2026-06-17 09:41:15
404,GitHub,https://api.github.com,1232.42,200,2026-06-17 09:41:01
403,OpenAI,https://api.openai.com,1169.6,421,2026-06-17 09:41:00
402,GitHub,https://api.github.com,1088.87,200,2026-06-17 09:40:14
401,OpenAI,https://api.openai.com,1033.27,421,2026-06-17 09:40:13
400,GitHub,https://api.github.com,1064.68,200,2026-06-17 09:39:59
399,OpenAI,https://api.openai.com,1023.44,421,2026-06-17 09:39:58
398,GitHub,https://api.github.com,1312.73,200,2026-06-17 09:39:12
397,OpenAI,https://api.openai.com,1016.97,421,2026-06-17 09:39:10
396,GitHub,https://api.github.com,1078.02,200,2026-06-17 09:38:56
395,OpenAI,https://api.openai.com,1086.2,421,2026-06-17 09:38:55
394,GitHub,https://api.github.com,1065.39,200,2026-06-17 09:38:09
393,OpenAI,https://api.openai.com,966.69,421,2026-06-17 09:38:08
392,GitHub,https://api.github.com,1036.45,200,2026-06-17 09:37:54
391,OpenAI,https://api.openai.com,917.26,421,2026-06-17 09:37:53
390,GitHub,https://api.github.com,1207.53,200,2026-06-17 09:37:07
389,OpenAI,https://api.openai.com,924.29,421,2026-06-17 09:37:06
388,GitHub,https://api.github.com,1060.03,200,2026-06-17 09:36:52
387,OpenAI,https://api.openai.com,1110.51,421,2026-06-17 09:36:51
386,GitHub,https://api.github.com,1196.96,200,2026-06-17 09:36:05
385,OpenAI,https://api.openai.com,1021.79,421,2026-06-17 09:36:03
384,GitHub,https://api.github.com,1070.65,200,2026-06-17 09:35:50
383,OpenAI,https://api.openai.com,1009.02,421,2026-06-17 09:35:49
382,GitHub,https://api.github.com,1117.88,200,2026-06-17 09:35:02
381,OpenAI,https://api.openai.com,995.29,421,2026-06-17 09:35:01
380,GitHub,https://api.github.com,1069.14,200,2026-06-17 09:34:47
379,OpenAI,https://api.openai.com,1021.88,421,2026-06-17 09:34:46
378,GitHub,https://api.github.com,1080.67,200,2026-06-17 09:34:00
377,OpenAI,https://api.openai.com,1140.48,421,2026-06-17 09:33:59
376,GitHub,https://api.github.com,1092.05,200,2026-06-17 09:33:45
375,OpenAI,https://api.openai.com,1017.97,421,2026-06-17 09:33:44
374,GitHub,https://api.github.com,1113.6,200,2026-06-17 09:32:58
373,OpenAI,https://api.openai.com,996.85,421,2026-06-17 09:32:56
372,GitHub,https://api.github.com,1199.29,200,2026-06-17 09:32:43
371,OpenAI,https://api.openai.com,1090.66,421,2026-06-17 09:32:42
370,GitHub,https://api.github.com,1192.68,200,2026-06-17 09:31:55
369,OpenAI,https://api.openai.com,1750.03,421,2026-06-17 09:31:54
368,GitHub,https://api.github.com,1133.51,200,2026-06-17 09:31:40
367,OpenAI,https://api.openai.com,914.89,421,2026-06-17 09:31:39
366,GitHub,https://api.github.com,1069.89,200,2026-06-17 09:30:52
365,OpenAI,https://api.openai.com,1666.21,421,2026-06-17 09:30:51
364,GitHub,https://api.github.com,1138.68,200,2026-06-17 09:30:38
363,OpenAI,https://api.openai.com,1032.49,421,2026-06-17 09:30:37
362,GitHub,https://api.github.com,1143.89,200,2026-06-17 09:29:49
361,OpenAI,https://api.openai.com,1687.76,421,2026-06-17 09:29:48
360,GitHub,https://api.github.com,1130.55,403,2026-06-17 09:29:36
359,OpenAI,https://api.openai.com,1214.4,421,2026-06-17 09:29:35
358,GitHub,https://api.github.com,1413.92,403,2026-06-17 09:28:46
357,OpenAI,https://api.openai.com,1189.74,421,2026-06-17 09:28:45
356,GitHub,https://api.github.com,1079.98,403,2026-06-17 09:28:34
355,OpenAI,https://api.openai.com,1066.93,421,2026-06-17 09:28:32
354,GitHub,https://api.github.com,1091.04,403,2026-06-17 09:27:44
353,OpenAI,https://api.openai.com,947.86,421,2026-06-17 09:27:43
352,GitHub,https://api.github.com,1043.41,403,2026-06-17 09:27:31
351,OpenAI,https://api.openai.com,1022.48,421,2026-06-17 09:27:30
350,GitHub,https://api.github.com,1255.27,403,2026-06-17 09:26:42
349,OpenAI,https://api.openai.com,1393.43,421,2026-06-17 09:26:40
348,GitHub,https://api.github.com,1100.49,403,2026-06-17 09:26:29
347,OpenAI,https://api.openai.com,1037.6,421,2026-06-17 09:26:28
346,GitHub,https://api.github.com,1398.71,403,2026-06-17 09:25:39
345,OpenAI,https://api.openai.com,1041.42,421,2026-06-17 09:25:37
344,GitHub,https://api.github.com,1235.48,403,2026-06-17 09:25:27
343,OpenAI,https://api.openai.com,955.82,421,2026-06-17 09:25:25
342,GitHub,https://api.github.com,1143.66,403,2026-06-17 09:24:36
341,OpenAI,https://api.openai.com,966.27,421,2026-06-17 09:24:35
340,GitHub,https://api.github.com,1257.59,403,2026-06-17 09:24:24
339,OpenAI,https://api.openai.com,1503.43,421,2026-06-17 09:24:23
338,GitHub,https://api.github.com,1012.75,403,2026-06-17 09:23:34
337,OpenAI,https://api.openai.com,1116.94,421,2026-06-17 09:23:33
336,GitHub,https://api.github.com,1114.28,403,2026-06-17 09:23:21
335,OpenAI,https://api.openai.com,1049.92,421,2026-06-17 09:23:20
334,GitHub,https://api.github.com,1143.38,403,2026-06-17 09:22:32
333,OpenAI,https://api.openai.com,1032.03,421,2026-06-17 09:22:31
332,GitHub,https://api.github.com,1950.03,403,2026-06-17 09:22:19
331,OpenAI,https://api.openai.com,989.39,421,2026-06-17 09:22:17
330,GitHub,https://api.github.com,1283.83,403,2026-06-17 09:21:29
329,OpenAI,https://api.openai.com,1066.7,421,2026-06-17 09:21:28
328,GitHub,https://api.github.com,1054.63,403,2026-06-17 09:21:16
327,OpenAI,https://api.openai.com,950.06,421,2026-06-17 09:21:15
326,GitHub,https://api.github.com,1522.18,403,2026-06-17 09:20:27
325,OpenAI,https://api.openai.com,1267.29,421,2026-06-17 09:20:25
324,GitHub,https://api.github.com,1183.34,403,2026-06-17 09:20:14
323,OpenAI,https://api.openai.com,991.76,421,2026-06-17 09:20:13
322,GitHub,https://api.github.com,1551.74,403,2026-06-17 09:19:24
321,OpenAI,https://api.openai.com,1290.87,421,2026-06-17 09:19:22
320,GitHub,https://api.github.com,1061.79,403,2026-06-17 09:19:12
319,OpenAI,https://api.openai.com,1072.39,421,2026-06-17 09:19:10
318,GitHub,https://api.github.com,3527.22,403,2026-06-17 09:18:21
317,OpenAI,https://api.openai.com,1558.86,421,2026-06-17 09:18:18
316,GitHub,https://api.github.com,1204.66,403,2026-06-17 09:18:09
315,OpenAI,https://api.openai.com,1061.84,421,2026-06-17 09:18:08
314,GitHub,https://api.github.com,1284.75,403,2026-06-17 09:17:16
313,OpenAI,https://api.openai.com,1047.17,421,2026-06-17 09:17:15
312,GitHub,https://api.github.com,1123.79,403,2026-06-17 09:17:07
311,OpenAI,https://api.openai.com,1198.88,421,2026-06-17 09:17:06
310,GitHub,https://api.github.com,1264.39,403,2026-06-17 09:16:13
309,OpenAI,https://api.openai.com,1149.57,421,2026-06-17 09:16:12
308,GitHub,https://api.github.com,1029.7,403,2026-06-17 09:16:04
307,OpenAI,https://api.openai.com,1406.39,421,2026-06-17 09:16:03
306,GitHub,https://api.github.com,1068.01,403,2026-06-17 09:15:11
305,OpenAI,https://api.openai.com,1661.25,421,2026-06-17 09:15:10
304,GitHub,https://api.github.com,1192.09,403,2026-06-17 09:15:02
303,OpenAI,https://api.openai.com,1042.09,421,2026-06-17 09:15:01
302,GitHub,https://api.github.com,1228.71,403,2026-06-17 09:14:08
301,OpenAI,https://api.openai.com,1031.55,421,2026-06-17 09:14:07
300,GitHub,https://api.github.com,1058.96,403,2026-06-17 09:13:59
299,OpenAI,https://api.openai.com,1224.25,421,2026-06-17 09:13:58
298,GitHub,https://api.github.com,1517.96,403,2026-06-17 09:13:06
297,OpenAI,https://api.openai.com,1103.03,421,2026-06-17 09:13:04
296,GitHub,https://api.github.com,1671.1,403,2026-06-17 09:12:57
295,OpenAI,https://api.openai.com,1246.71,421,2026-06-17 09:12:55
294,GitHub,https://api.github.com,1066.98,403,2026-06-17 09:12:03
293,OpenAI,https://api.openai.com,1055.29,421,2026-06-17 09:12:02
292,GitHub,https://api.github.com,1129.92,403,2026-06-17 09:11:54
291,OpenAI,https://api.openai.com,1029.32,421,2026-06-17 09:11:53
290,GitHub,https://api.github.com,1678.15,403,2026-06-17 09:11:00
289,OpenAI,https://api.openai.com,1079.3,421,2026-06-17 09:10:59
288,GitHub,https://api.github.com,1113.71,403,2026-06-17 09:10:52
287,OpenAI,https://api.openai.com,993.6,421,2026-06-17 09:10:51
286,GitHub,https://api.github.com,977.73,403,2026-06-17 09:09:58
285,OpenAI,https://api.openai.com,1014.81,421,2026-06-17 09:09:57
284,GitHub,https://api.github.com,1235.26,403,2026-06-17 09:09:49
283,OpenAI,https://api.openai.com,1169.85,421,2026-06-17 09:09:48
282,GitHub,https://api.github.com,1064.59,403,2026-06-17 09:08:55
281,OpenAI,https://api.openai.com,1041.59,421,2026-06-17 09:08:54
280,GitHub,https://api.github.com,1079.61,403,2026-06-17 09:08:47
279,OpenAI,https://api.openai.com,988.34,421,2026-06-17 09:08:46
278,GitHub,https://api.github.com,1286.19,403,2026-06-17 09:07:53
277,OpenAI,https://api.openai.com,1364.9,421,2026-06-17 09:07:52
276,GitHub,https://api.github.com,1705.77,403,2026-06-17 09:07:45
275,OpenAI,https://api.openai.com,1075.65,421,2026-06-17 09:07:43
274,GitHub,https://api.github.com,998.22,403,2026-06-17 09:06:50
273,OpenAI,https://api.openai.com,968.36,421,2026-06-17 09:06:49
272,GitHub,https://api.github.com,1125.18,403,2026-06-17 09:06:42
271,OpenAI,https://api.openai.com,1280.29,421,2026-06-17 09:06:41
270,GitHub,https://api.github.com,1023.68,403,2026-06-17 09:05:48
269,OpenAI,https://api.openai.com,1084.02,421,2026-06-17 09:05:47
268,GitHub,https://api.github.com,1128.45,403,2026-06-17 09:05:39
267,OpenAI,https://api.openai.com,976.67,421,2026-06-17 09:05:38
266,GitHub,https://api.github.com,1007.14,403,2026-06-17 09:04:46
265,OpenAI,https://api.openai.com,974.89,421,2026-06-17 09:04:45
264,GitHub,https://api.github.com,1078.95,403,2026-06-17 09:04:37
263,OpenAI,https://api.openai.com,1099.11,421,2026-06-17 09:04:36
262,GitHub,https://api.github.com,1132.73,403,2026-06-17 09:03:44
261,OpenAI,https://api.openai.com,1035.5,421,2026-06-17 09:03:43
260,GitHub,https://api.github.com,1078.66,403,2026-06-17 09:03:35
259,OpenAI,https://api.openai.com,1026.82,421,2026-06-17 09:03:34
258,GitHub,https://api.github.com,1517.4,403,2026-06-17 09:02:42
257,OpenAI,https://api.openai.com,1540.27,421,2026-06-17 09:02:40
256,GitHub,https://api.github.com,1197.28,403,2026-06-17 09:02:32
255,OpenAI,https://api.openai.com,1040.28,421,2026-06-17 09:02:31
254,GitHub,https://api.github.com,1282.03,403,2026-06-17 09:01:38
253,OpenAI,https://api.openai.com,1605.58,421,2026-06-17 09:01:37
252,GitHub,https://api.github.com,1003.36,403,2026-06-17 09:01:30
251,OpenAI,https://api.openai.com,1009.11,421,2026-06-17 09:01:29
250,GitHub,https://api.github.com,1041.49,200,2026-06-17 09:00:35
249,OpenAI,https://api.openai.com,1483.27,421,2026-06-17 09:00:34
248,GitHub,https://api.github.com,1047.6,200,2026-06-17 09:00:28
247,OpenAI,https://api.openai.com,997.66,421,2026-06-17 09:00:27
246,GitHub,https://api.github.com,1129.45,200,2026-06-17 08:59:33
245,OpenAI,https://api.openai.com,1005.07,421,2026-06-17 08:59:31
244,GitHub,https://api.github.com,4007.12,200,2026-06-17 08:59:26
243,OpenAI,https://api.openai.com,993.82,421,2026-06-17 08:59:22
242,GitHub,https://api.github.com,1138.26,200,2026-06-17 08:58:30
241,OpenAI,https://api.openai.com,6824.02,421,2026-06-17 08:58:29
240,GitHub,https://api.github.com,1130.09,200,2026-06-17 08:58:21
239,OpenAI,https://api.openai.com,1671.76,421,2026-06-17 08:58:20
238,GitHub,https://api.github.com,987.43,200,2026-06-17 08:57:22
237,OpenAI,https://api.openai.com,1534.08,421,2026-06-17 08:57:21
236,GitHub,https://api.github.com,1147.45,200,2026-06-17 08:57:18
235,OpenAI,https://api.openai.com,1036.24,421,2026-06-17 08:57:17
234,GitHub,https://api.github.com,1189.55,200,2026-06-17 08:56:20
233,OpenAI,https://api.openai.com,1977.3,421,2026-06-17 08:56:18
232,GitHub,https://api.github.com,1308.16,200,2026-06-17 08:56:15
231,OpenAI,https://api.openai.com,1027.32,421,2026-06-17 08:56:14
230,GitHub,https://api.github.com,1587.65,200,2026-06-17 08:55:16
229,OpenAI,https://api.openai.com,1945.88,421,2026-06-17 08:55:15
228,GitHub,https://api.github.com,1232.71,200,2026-06-17 08:55:13
227,OpenAI,https://api.openai.com,1021.03,421,2026-06-17 08:55:12
226,GitHub,https://api.github.com,3068.68,200,2026-06-17 08:54:13
225,GitHub,https://api.github.com,1202.71,200,2026-06-17 08:54:11
223,OpenAI,https://api.openai.com,2129.29,421,2026-06-17 08:54:09
224,OpenAI,https://api.openai.com,2342.74,421,2026-06-17 08:54:09
221,GitHub,https://api.github.com,2587.93,200,2026-06-17 08:53:07
222,GitHub,https://api.github.com,2585.49,200,2026-06-17 08:53:07
219,OpenAI,https://api.openai.com,1454.82,421,2026-06-17 08:53:04
220,OpenAI,https://api.openai.com,1472.66,421,2026-06-17 08:53:04
217,GitHub,https://api.github.com,1954.11,200,2026-06-17 08:52:03
218,GitHub,https://api.github.com,1940.22,200,2026-06-17 08:52:03
215,OpenAI,https://api.openai.com,1456.89,421,2026-06-17 08:52:01
216,OpenAI,https://api.openai.com,1289.78,421,2026-06-17 08:52:01
213,GitHub,https://api.github.com,1756.61,200,2026-06-17 08:50:59
214,GitHub,https://api.github.com,1936.19,200,2026-06-17 08:50:59
211,OpenAI,https://api.openai.com,1477.83,421,2026-06-17 08:50:57
212,OpenAI,https://api.openai.com,1458.91,421,2026-06-17 08:50:57
209,GitHub,https://api.github.com,1326.25,200,2026-06-17 08:49:56
210,GitHub,https://api.github.com,1359.37,200,2026-06-17 08:49:56
207,OpenAI,https://api.openai.com,1468.27,421,2026-06-17 08:49:54
208,OpenAI,https://api.openai.com,1500.01,421,2026-06-17 08:49:54
205,GitHub,https://api.github.com,1858.21,200,2026-06-17 08:48:53
206,GitHub,https://api.github.com,1682.96,200,2026-06-17 08:48:53
203,OpenAI,https://api.openai.com,2826.89,421,2026-06-17 08:48:51
204,OpenAI,https://api.openai.com,3055.74,421,2026-06-17 08:48:51
201,GitHub,https://api.github.com,1969.75,200,2026-06-17 08:47:48
202,GitHub,https://api.github.com,1947.14,200,2026-06-17 08:47:48
199,OpenAI,https://api.openai.com,1512.02,421,2026-06-17 08:47:46
200,OpenAI,https://api.openai.com,1611.54,421,2026-06-17 08:47:46
197,GitHub,https://api.github.com,1459.0,200,2026-06-17 08:46:44
198,GitHub,https://api.github.com,1440.69,200,2026-06-17 08:46:44
195,OpenAI,https://api.openai.com,1703.96,421,2026-06-17 08:46:43
196,OpenAI,https://api.openai.com,1505.29,421,2026-06-17 08:46:43
193,GitHub,https://api.github.com,1734.55,200,2026-06-17 08:45:41
194,GitHub,https://api.github.com,1927.73,200,2026-06-17 08:45:41
191,OpenAI,https://api.openai.com,4728.32,421,2026-06-17 08:45:39
192,OpenAI,https://api.openai.com,4772.87,421,2026-06-17 08:45:39
189,GitHub,https://api.github.com,2054.11,200,2026-06-17 08:44:34
190,GitHub,https://api.github.com,2071.05,200,2026-06-17 08:44:34
187,OpenAI,https://api.openai.com,1766.71,421,2026-06-17 08:44:32
188,OpenAI,https://api.openai.com,1778.84,421,2026-06-17 08:44:32
185,GitHub,https://api.github.com,2390.25,200,2026-06-17 08:43:30
186,GitHub,https://api.github.com,2413.65,200,2026-06-17 08:43:30
183,OpenAI,https://api.openai.com,2104.59,421,2026-06-17 08:43:28
184,OpenAI,https://api.openai.com,2093.44,421,2026-06-17 08:43:28
181,GitHub,https://api.github.com,1608.61,200,2026-06-17 08:42:26
182,GitHub,https://api.github.com,1687.79,200,2026-06-17 08:42:26
179,OpenAI,https://api.openai.com,1522.48,421,2026-06-17 08:42:24
180,OpenAI,https://api.openai.com,1564.68,421,2026-06-17 08:42:24
177,GitHub,https://api.github.com,2173.0,200,2026-06-17 08:41:22
178,GitHub,https://api.github.com,2165.79,200,2026-06-17 08:41:22
175,OpenAI,https://api.openai.com,1872.88,421,2026-06-17 08:41:20
176,OpenAI,https://api.openai.com,1891.71,421,2026-06-17 08:41:20
173,GitHub,https://api.github.com,2222.31,200,2026-06-17 08:40:18
174,GitHub,https://api.github.com,2278.28,200,2026-06-17 08:40:18
171,OpenAI,https://api.openai.com,1575.27,421,2026-06-17 08:40:16
172,OpenAI,https://api.openai.com,1597.35,421,2026-06-17 08:40:16
169,GitHub,https://api.github.com,1859.74,200,2026-06-17 08:39:14
170,GitHub,https://api.github.com,1844.03,200,2026-06-17 08:39:14
167,OpenAI,https://api.openai.com,1345.59,421,2026-06-17 08:39:12
168,OpenAI,https://api.openai.com,1353.93,421,2026-06-17 08:39:12
165,GitHub,https://api.github.com,2043.09,200,2026-06-17 08:38:11
166,GitHub,https://api.github.com,2067.73,200,2026-06-17 08:38:11
163,OpenAI,https://api.openai.com,1430.12,421,2026-06-17 08:38:09
164,OpenAI,https://api.openai.com,1441.97,421,2026-06-17 08:38:09
161,GitHub,https://api.github.com,3642.14,200,2026-06-17 08:37:07
162,GitHub,https://api.github.com,3528.21,200,2026-06-17 08:37:07
160,OpenAI,https://api.openai.com,2225.14,421,2026-06-17 08:37:04
159,OpenAI,https://api.openai.com,2316.29,421,2026-06-17 08:37:03
157,GitHub,https://api.github.com,1449.53,200,2026-06-17 08:36:01
158,GitHub,https://api.github.com,1429.26,200,2026-06-17 08:36:01
155,OpenAI,https://api.openai.com,1385.81,421,2026-06-17 08:35:59
156,OpenAI,https://api.openai.com,1537.18,421,2026-06-17 08:35:59
153,GitHub,https://api.github.com,1917.24,200,2026-06-17 08:34:58
154,GitHub,https://api.github.com,1938.25,200,2026-06-17 08:34:58
151,OpenAI,https://api.openai.com,1299.39,421,2026-06-17 08:34:56
152,OpenAI,https://api.openai.com,1224.38,421,2026-06-17 08:34:56
149,GitHub,https://api.github.com,1598.13,200,2026-06-17 08:33:55
150,GitHub,https://api.github.com,1758.18,200,2026-06-17 08:33:55
147,OpenAI,https://api.openai.com,2149.33,421,2026-06-17 08:33:53
148,OpenAI,https://api.openai.com,1885.32,421,2026-06-17 08:33:53
145,GitHub,https://api.github.com,1317.16,200,2026-06-17 08:32:51
146,GitHub,https://api.github.com,1234.44,200,2026-06-17 08:32:51
144,OpenAI,https://api.openai.com,1201.48,421,2026-06-17 08:32:50
143,OpenAI,https://api.openai.com,1191.26,421,2026-06-17 08:32:49
141,GitHub,https://api.github.com,1600.37,200,2026-06-17 08:31:48
142,GitHub,https://api.github.com,1441.28,200,2026-06-17 08:31:48
140,OpenAI,https://api.openai.com,1218.92,421,2026-06-17 08:31:47
139,OpenAI,https://api.openai.com,1140.42,421,2026-06-17 08:31:46
138,GitHub,https://api.github.com,1602.75,200,2026-06-17 08:30:46
137,GitHub,https://api.github.com,1743.03,200,2026-06-17 08:30:45
136,OpenAI,https://api.openai.com,1187.53,421,2026-06-17 08:30:44
135,OpenAI,https://api.openai.com,1140.24,421,2026-06-17 08:30:43
134,GitHub,https://api.github.com,1363.2,200,2026-06-17 08:29:43
133,GitHub,https://api.github.com,1432.54,200,2026-06-17 08:29:42
131,OpenAI,https://api.openai.com,1406.58,421,2026-06-17 08:29:41
132,OpenAI,https://api.openai.com,1301.4,421,2026-06-17 08:29:41
130,GitHub,https://api.github.com,1891.76,200,2026-06-16 16:51:41
129,OpenAI,https://api.openai.com,1621.68,421,2026-06-16 16:51:39
128,GitHub,https://api.github.com,1209.59,200,2026-06-16 16:51:25
127,OpenAI,https://api.openai.com,1365.43,421,2026-06-16 16:51:24
126,GitHub,https://api.github.com,1643.73,200,2026-06-16 16:50:37
125,OpenAI,https://api.openai.com,2045.55,421,2026-06-16 16:50:36
124,GitHub,https://api.github.com,1338.54,200,2026-06-16 16:50:22
123,OpenAI,https://api.openai.com,1779.7,421,2026-06-16 16:50:21
122,GitHub,https://api.github.com,2706.93,200,2026-06-16 16:49:33
121,OpenAI,https://api.openai.com,1942.48,421,2026-06-16 16:49:31
120,GitHub,https://api.github.com,1957.48,200,2026-06-16 16:49:19
119,OpenAI,https://api.openai.com,1350.12,421,2026-06-16 16:49:17
118,GitHub,https://api.github.com,1196.77,200,2026-06-16 16:48:29
117,OpenAI,https://api.openai.com,6810.75,421,2026-06-16 16:48:27
116,GitHub,https://api.github.com,2072.34,200,2026-06-16 16:48:16
115,OpenAI,https://api.openai.com,1527.3,421,2026-06-16 16:48:14
114,GitHub,https://api.github.com,1792.0,200,2026-06-16 16:47:20
113,OpenAI,https://api.openai.com,1199.93,421,2026-06-16 16:47:19
112,GitHub,https://api.github.com,2157.15,200,2026-06-16 16:47:12
111,OpenAI,https://api.openai.com,1228.09,421,2026-06-16 16:47:10
110,GitHub,https://api.github.com,1523.52,200,2026-06-16 16:46:17
109,OpenAI,https://api.openai.com,1422.76,421,2026-06-16 16:46:16
108,GitHub,https://api.github.com,1215.76,200,2026-06-16 16:46:08
107,OpenAI,https://api.openai.com,1491.71,421,2026-06-16 16:46:07
106,GitHub,https://api.github.com,1163.16,200,2026-06-16 16:45:14
105,OpenAI,https://api.openai.com,1663.65,421,2026-06-16 16:45:13
104,GitHub,https://api.github.com,1741.02,200,2026-06-16 16:45:06
103,OpenAI,https://api.openai.com,1344.55,421,2026-06-16 16:45:04
102,GitHub,https://api.github.com,1157.97,200,2026-06-16 16:44:11
101,OpenAI,https://api.openai.com,1295.31,421,2026-06-16 16:44:10
100,GitHub,https://api.github.com,1631.73,200,2026-06-16 16:44:02
99,OpenAI,https://api.openai.com,1290.42,421,2026-06-16 16:44:01
98,GitHub,https://api.github.com,2331.82,200,2026-06-16 16:43:09
97,OpenAI,https://api.openai.com,1306.42,421,2026-06-16 16:43:06
96,GitHub,https://api.github.com,1621.95,200,2026-06-16 16:42:59
95,OpenAI,https://api.openai.com,1377.36,421,2026-06-16 16:42:58
94,GitHub,https://api.github.com,2800.34,200,2026-06-16 16:42:05
93,OpenAI,https://api.openai.com,1908.43,421,2026-06-16 16:42:02
92,GitHub,https://api.github.com,3157.25,200,2026-06-16 16:41:56
91,OpenAI,https://api.openai.com,1763.76,421,2026-06-16 16:41:53
90,GitHub,https://api.github.com,1328.04,200,2026-06-16 16:41:00
89,OpenAI,https://api.openai.com,1455.38,421,2026-06-16 16:40:59
88,GitHub,https://api.github.com,1399.83,200,2026-06-16 16:40:51
87,OpenAI,https://api.openai.com,1865.91,421,2026-06-16 16:40:50
86,GitHub,https://api.github.com,1440.96,200,2026-06-16 16:39:57
85,OpenAI,https://api.openai.com,1157.63,421,2026-06-16 16:39:56
84,GitHub,https://api.github.com,1701.4,200,2026-06-16 16:39:48
83,OpenAI,https://api.openai.com,1722.68,421,2026-06-16 16:39:46
82,GitHub,https://api.github.com,1598.0,200,2026-06-16 16:38:54
81,OpenAI,https://api.openai.com,1719.84,421,2026-06-16 16:38:53
80,GitHub,https://api.github.com,2716.85,200,2026-06-16 16:38:44
79,OpenAI,https://api.openai.com,1464.09,421,2026-06-16 16:38:41
78,GitHub,https://api.github.com,1189.62,200,2026-06-16 16:37:51
77,OpenAI,https://api.openai.com,4847.45,421,2026-06-16 16:37:50
76,GitHub,https://api.github.com,788.98,200,2026-06-16 16:37:40
75,OpenAI,https://api.openai.com,1518.16,421,2026-06-16 16:37:39
74,GitHub,https://api.github.com,1154.83,200,2026-06-16 16:36:44
73,OpenAI,https://api.openai.com,900.8,421,2026-06-16 16:36:43
71,GitHub,https://api.github.com,1553.19,200,2026-06-16 16:35:42
72,GitHub,https://api.github.com,1899.05,200,2026-06-16 16:35:42
69,OpenAI,https://api.openai.com,2473.01,421,2026-06-16 16:35:40
70,OpenAI,https://api.openai.com,2479.93,421,2026-06-16 16:35:40
67,GitHub,https://api.github.com,1452.66,200,2026-06-16 16:34:38
68,GitHub,https://api.github.com,1542.71,200,2026-06-16 16:34:38
65,OpenAI,https://api.openai.com,843.34,421,2026-06-16 16:34:36
66,OpenAI,https://api.openai.com,947.27,421,2026-06-16 16:34:36
63,GitHub,https://api.github.com,2025.23,200,2026-06-16 16:33:35
64,GitHub,https://api.github.com,4084.66,200,2026-06-16 16:33:35
62,OpenAI,https://api.openai.com,7073.52,421,2026-06-16 16:33:33
61,OpenAI,https://api.openai.com,6187.53,421,2026-06-16 16:33:31
60,GitHub,https://api.github.com,1387.35,200,2026-06-16 16:32:26
59,GitHub,https://api.github.com,1871.26,200,2026-06-16 16:32:25
58,OpenAI,https://api.openai.com,2760.12,421,2026-06-16 16:32:24
57,OpenAI,https://api.openai.com,1681.72,421,2026-06-16 16:32:23
55,GitHub,https://api.github.com,1750.42,200,2026-06-16 16:22:22
56,GitHub,https://api.github.com,1729.42,200,2026-06-16 16:22:22
53,OpenAI,https://api.openai.com,2086.87,421,2026-06-16 16:22:20
54,OpenAI,https://api.openai.com,2077.43,421,2026-06-16 16:22:20
51,GitHub,https://api.github.com,1157.15,200,2026-06-16 16:21:18
52,GitHub,https://api.github.com,1166.23,200,2026-06-16 16:21:18
49,OpenAI,https://api.openai.com,1568.17,421,2026-06-16 16:21:17
50,OpenAI,https://api.openai.com,1618.98,421,2026-06-16 16:21:17
46,GitHub,https://api.github.com,6530.58,200,2026-06-16 16:20:38
47,GitHub,https://api.github.com,7183.9,200,2026-06-16 16:20:38
48,GitHub,https://api.github.com,7270.41,200,2026-06-16 16:20:38
44,GitHub,https://api.github.com,6861.65,200,2026-06-16 16:20:37
45,GitHub,https://api.github.com,6911.33,200,2026-06-16 16:20:37
38,OpenAI,https://api.openai.com,5891.0,421,2026-06-16 16:20:31
39,OpenAI,https://api.openai.com,5691.56,421,2026-06-16 16:20:31
40,OpenAI,https://api.openai.com,10076.44,421,2026-06-16 16:20:31
41,OpenAI,https://api.openai.com,5469.62,421,2026-06-16 16:20:31
42,GitHub,https://api.github.com,11390.1,200,2026-06-16 16:20:31
43,OpenAI,https://api.openai.com,7893.73,421,2026-06-16 16:20:31
37,OpenAI,https://api.openai.com,0.0,500,2026-06-16 16:20:19
35,OpenAI,https://api.openai.com,0.0,500,2026-06-16 16:20:15
36,OpenAI,https://api.openai.com,0.0,500,2026-06-16 16:20:15
33,OpenAI,https://api.openai.com,4838.77,421,2026-06-16 16:15:19
34,OpenAI,https://api.openai.com,4840.77,421,2026-06-16 16:15:19
32,JSON Placeholder,https://jsonplaceholder.typicode.com/posts,4881.2,200,2026-06-16 15:44:24
31,GitHub API,https://api.github.com,4416.39,200,2026-06-16 15:44:19
30,JSON Placeholder,https://jsonplaceholder.typicode.com/posts,1406.34,200,2026-06-16 15:44:18
29,GitHub API,https://api.github.com,806.46,200,2026-06-16 15:44:17
28,JSON Placeholder,https://jsonplaceholder.typicode.com/posts,1937.75,200,2026-06-16 15:43:16
26,GitHub API,https://api.github.com,1695.13,200,2026-06-16 15:43:14
27,JSON Placeholder,https://jsonplaceholder.typicode.com/posts,1829.56,200,2026-06-16 15:43:14
25,GitHub API,https://api.github.com,2027.93,200,2026-06-16 15:43:12
24,JSON Placeholder,https://jsonplaceholder.typicode.com/posts,1187.36,200,2026-06-16 15:42:12
23,GitHub API,https://api.github.com,1285.45,200,2026-06-16 15:42:11
22,JSON Placeholder,https://jsonplaceholder.typicode.com/posts,1415.74,200,2026-06-16 15:42:10
21,GitHub API,https://api.github.com,1390.31,200,2026-06-16 15:42:09
20,JSON Placeholder,https://jsonplaceholder.typicode.com/posts,6842.78,200,2026-06-16 15:41:09
19,JSON Placeholder,https://jsonplaceholder.typicode.com/posts,4555.69,200,2026-06-16 15:41:07
17,GitHub API,https://api.github.com,5046.49,200,2026-06-16 15:41:03
18,GitHub API,https://api.github.com,6503.87,200,2026-06-16 15:41:03
16,JSON Placeholder,https://jsonplaceholder.typicode.com/posts,2346.44,200,2026-06-16 15:39:57
15,JSON Placeholder,https://jsonplaceholder.typicode.com/posts,2860.23,200,2026-06-16 15:39:56
14,GitHub API,https://api.github.com,1938.89,200,2026-06-16 15:39:55
13,GitHub API,https://api.github.com,1590.0,200,2026-06-16 15:39:53
12,JSON Placeholder,https://jsonplaceholder.typicode.com/posts,3095.95,200,2026-06-16 15:38:53
11,JSON Placeholder,https://jsonplaceholder.typicode.com/posts,3057.72,200,2026-06-16 15:38:51
10,GitHub API,https://api.github.com,1739.18,200,2026-06-16 15:38:50
9,GitHub API,https://api.github.com,2675.68,200,2026-06-16 15:38:48
8,JSON Placeholder,https://jsonplaceholder.typicode.com/posts,1508.23,200,2026-06-16 15:37:48
7,GitHub API,https://api.github.com,1356.81,200,2026-06-16 15:37:46
6,JSON Placeholder,https://jsonplaceholder.typicode.com/posts,1637.08,200,2026-06-16 15:37:45
5,GitHub API,https://api.github.com,1289.96,200,2026-06-16 15:37:43
4,JSON Placeholder,https://jsonplaceholder.typicode.com/posts,4035.84,200,2026-06-16 15:36:45
3,JSON Placeholder,https://jsonplaceholder.typicode.com/posts,0.0,500,2026-06-16 15:36:42
2,GitHub API,https://api.github.com,0.0,500,2026-06-16 15:36:41
1,GitHub API,https://api.github.com,1774.64,200,2026-06-16 15:36:27
